INSERT INTO grade (id, give_birth_cost, glasess_cost,  grade, transportation_cost, official_travel_cost, training_cost, insurance_cost) VALUES ('1',    '100000',       '150000',   '1',    '150000',   '200000', '200000','200000');
INSERT INTO grade (id, give_birth_cost, glasess_cost,  grade, transportation_cost, official_travel_cost, training_cost, insurance_cost) VALUES ('2',    '200000',       '200000',   '2',    '300000',   '400000', '400000','400000');
INSERT INTO grade (id, give_birth_cost, glasess_cost,  grade, transportation_cost, official_travel_cost, training_cost, insurance_cost) VALUES ('3',    '300000',       '250000',   '3',    '450000',   '600000', '600000','600000');
INSERT INTO grade (id, give_birth_cost, glasess_cost,  grade, transportation_cost, official_travel_cost, training_cost, insurance_cost) VALUES ('4',    '400000',       '500000',   '4',    '600000',   '800000', '800000','800000');
INSERT INTO grade (id, give_birth_cost, glasess_cost,  grade, transportation_cost, official_travel_cost, training_cost, insurance_cost) VALUES ('5',    '500000',       '750000',   '5',    '700000',   '800000', '800000','800000');
INSERT INTO grade (id, give_birth_cost, glasess_cost,  grade, transportation_cost, official_travel_cost, training_cost, insurance_cost) VALUES ('6',    '600000',       '1000000',  '6',    '900000',   '800000', '800000','800000');
INSERT INTO grade (id, give_birth_cost, glasess_cost,  grade, transportation_cost, official_travel_cost, training_cost, insurance_cost) VALUES ('7',    '700000',       '1250000',  '7',    '1000000',  '800000', '800000','800000');
INSERT INTO grade (id, give_birth_cost, glasess_cost,  grade, transportation_cost, official_travel_cost, training_cost, insurance_cost) VALUES ('8',    '800000',       '1500000',  '8',    '1100000',  '800000', '800000','800000');
INSERT INTO grade (id, give_birth_cost, glasess_cost,  grade, transportation_cost, official_travel_cost, training_cost, insurance_cost) VALUES ('9',    '900000',       '1750000',  '9',   '1200000',  '800000', '800000','800000');
INSERT INTO grade (id, give_birth_cost, glasess_cost,  grade, transportation_cost, official_travel_cost, training_cost, insurance_cost) VALUES ('10',   '1000000',      '2000000',  '10',   '1300000',  '800000', '800000','800000');
INSERT INTO grade (id, give_birth_cost, glasess_cost,  grade, transportation_cost, official_travel_cost, training_cost, insurance_cost) VALUES ('11',   '1100000',      '3000000',  '11',   '1400000',  '800000', '800000','800000');
INSERT INTO grade (id, give_birth_cost, glasess_cost,  grade, transportation_cost, official_travel_cost, training_cost, insurance_cost) VALUES ('12',   '1200000',      '4000000',  '12',   '1500000',  '800000', '800000','800000');
INSERT INTO grade (id, give_birth_cost, glasess_cost,  grade, transportation_cost, official_travel_cost, training_cost, insurance_cost) VALUES ('13',   '1300000',      '5000000',  '13',   '1600000',  '800000', '800000','800000');


INSERT INTO category (id, category_name) VALUES ('1', 'Kacamata');
INSERT INTO category (id, category_name) VALUES ('2', 'Pelatihan');
INSERT INTO category (id, category_name) VALUES ('3', 'Melahirkan');
INSERT INTO category (id, category_name) VALUES ('4', 'Perjalanan Dinas');
INSERT INTO category (id, category_name) VALUES ('5', 'Asuransi');


INSERT INTO role(id,role_name) VALUES (1,'super_admin');
INSERT INTO role(id,role_name) VALUES (2,'admin_finance');
INSERT INTO role(id,role_name) VALUES (4,'employee');


INSERT INTO login (id, created_date, email, password, id_role) VALUES ('1', '2021-12-1', 'wisa@gmail.com', 'd0a58ca1d013f9613b13b01e5eb7b86a9c2543effa8703a7f2d139a8663d9928', 1);
INSERT INTO login (id, created_date, email, password, id_role) VALUES ('2', '2021-12-2', 'irfan@gmail.com', '86e6fa14521dfa9f1b4b05eb8506ebb44b04aa26a819d726e4506fc22724d8b9', 2);
INSERT INTO login (id, created_date, email, password, id_role) VALUES ('3', '2021-12-3', 'wulan@gmail.com', '85232dbc45c9d4b7a42a37df9c8770033dbb661642333f4a6e2c2b4497780c47', 4);
INSERT INTO login (id, created_date, email, password, id_role) VALUES ('4', '2021-12-3', 'edo@gmail.com', '85232dbc45c9d4b7a42a37df9c8770033dbb661642333f4a6e2c2b4497780c47', 4);
INSERT INTO login (id, created_date, email, password, id_role) VALUES ('5', '2021-12-3', 'arinda@gmail.com', '7f1b2641313e06d3a4663b8b552fc09021c8c6871b3eeccc89bc9836f02befcb', 4);
INSERT INTO login (id, created_date, email, password, id_role) VALUES ('6', '2021-12-3', 'ekanur0812@gmail.com', '846c88dab75816ba20461721e0c09637431aacc2de27b2b4bf3ca8347fa94d2a', 4);
INSERT INTO login (id, created_date, email, password, id_role) VALUES ('7', '2021-12-3', 'ilham@gmail.com', 'e467a85cdae98a0cb4edb5570aad4bd093dc2b652b6677a5949bd4ae36922bb4', 4);
INSERT INTO login (id, created_date, email, password, id_role) VALUES ('8', '2021-12-3', 'mario@gmail.com', '9e93c72eea75345fe27e32aeb9ef86e28b546c4f1a125ca6efc794d2f7c84246', 4);
INSERT INTO login (id, created_date, email, password, id_role) VALUES ('9', '2021-12-3', 'andika@gmail.com', '5d4b3a80a7280a196cfb0500e86a0182ea6ab81c28aba831862fbce6102e9c1c', 4);
INSERT INTO login (id, created_date, email, password, id_role) VALUES ('10', '2021-12-3', 'hariansyah@gmail.com', 'c8c0708e963c063eabd0ff9a50e125654a0d9078505e00f58a6ffb3815f6d04c', 4);
INSERT INTO login (id, created_date, email, password, id_role) VALUES ('11', '2021-12-3', 'ari@gmail.com', '85232dbc45c9d4b7a42a37df9c8770033dbb661642333f4a6e2c2b4497780c47', 4);
INSERT INTO login (id, created_date, email, password, id_role) VALUES ('12', '2021-12-3', 'ikbal@gmail.com', 'dd3641f3099e62da17f7aa73388e8a9ba7bc7b3034202dd39750d2181c61dce5', 4);
INSERT INTO login (id, created_date, email, password, id_role) VALUES ('13', '2021-12-3', 'daniel@gmail.com', 'bd3dae5fb91f88a4f0978222dfd58f59a124257cb081486387cbae9df11fb879', 4);
INSERT INTO login (id, created_date, email, password, id_role) VALUES ('14', '2021-12-3', 'dio@gmail.com', 'd0c97a588484c47423e5d02db348a5b9cf066825bf44e87a79e0c6aea2cc514e', 4);
INSERT INTO login (id, created_date, email, password, id_role) VALUES ('15', '2021-12-3', 'dimas@gmail.com', '0f3930189e5709d3ce12e7aef7e4ba2e627c5e82e85ba82299d0bf6264b26d4f', 4);


INSERT INTO employee(id, created_date, id_login, fullname, account_name, account_number, biological_mother_name, date_of_birth,emergency_number, ktp_address, employee_type, employee_status, gender,join_date, npwp_address,phone_number, place_of_birth, postal_code_of_id_card, religion,residence_address, marital_status,blood_type, number_of_children, spouse_name,npwp, nik, nip,is_verified_hc,is_verified_email, is_completed, grade_id, email_verification_token) VALUES ('1','2021-12-4', '3', 'Tuti Wulandari','BRI','321205151515','nurul aida','1998-07-17','085318919533','indramayu','ONSITE','NON_ACTIVE','FEMALE', '2021-04-20','indramayu','085323182016','indramayu','45261','ISLAM','jakarta','SINGLE','A',0,'Belum ada','12345678','3212055707980002','14061015900',FALSE,TRUE, TRUE,1,'tokentokentoken');
INSERT INTO employee(id, created_date, id_login, fullname, account_name, account_number, biological_mother_name, date_of_birth,emergency_number, ktp_address, employee_type, employee_status, gender,join_date, npwp_address,phone_number, place_of_birth, postal_code_of_id_card, religion,residence_address, marital_status,blood_type, number_of_children, spouse_name,npwp, nik, nip,is_verified_hc,is_verified_email, is_completed, grade_id, email_verification_token) VALUES ('2','2021-12-5', '4', 'Edogawa Senpai','BCA','321205151515','habib rizieq','1998-07-17','085318919533','china','OFFICE','NON_ACTIVE','MALE', '2021-04-20','china','085323182016','china','45261','KONGHUCU','jakarta','MARRIED','A',0,'1','12345678','3212055707980002','14061015900',FALSE,TRUE, TRUE,2,'tokentokentoken');
INSERT INTO employee(id, created_date, id_login, fullname, account_name, account_number, biological_mother_name, date_of_birth,emergency_number, ktp_address, employee_type, employee_status, gender,join_date, npwp_address,phone_number, place_of_birth, postal_code_of_id_card, religion,residence_address, marital_status,blood_type, number_of_children, spouse_name,npwp, nik, nip,is_verified_hc,is_verified_email, is_completed, grade_id, email_verification_token) VALUES ('3','2021-12-6', '5', 'Arinda Kusuma Wardani','BCA','321205151515','habib rizieq','1998-07-17','085318919533','sby','ONSITE','NON_ACTIVE','FEMALE', '2021-04-20','china','085323182016','china','45261','ISLAM','jakarta','MARRIED','A',0,'1','12345678','3212055707980002','14061015900',FALSE,TRUE, TRUE,3,'tokentokentoken');
INSERT INTO employee(id, created_date, id_login, fullname, account_name, account_number, biological_mother_name, date_of_birth,emergency_number, ktp_address, employee_type, employee_status, gender,join_date, npwp_address,phone_number, place_of_birth, postal_code_of_id_card, religion,residence_address, marital_status,blood_type, number_of_children, spouse_name,npwp, nik, nip,is_verified_hc,is_verified_email, is_completed, grade_id, email_verification_token) VALUES ('4','2021-12-7', '6', 'Eka Nur Rahmawati','BCA','321205151515','habib rizieq','1998-07-17','085318919533','mjk','ONSITE','NON_ACTIVE','FEMALE', '2021-04-20','china','085323182016','china','45261','ISLAM','jakarta','MARRIED','A',0,'1','12345678','3212055707980002','14061015900',FALSE,TRUE, TRUE,4,'tokentokentoken');
INSERT INTO employee(id, created_date, id_login, fullname, account_name, account_number, biological_mother_name, date_of_birth,emergency_number, ktp_address, employee_type, employee_status, gender,join_date, npwp_address,phone_number, place_of_birth, postal_code_of_id_card, religion,residence_address, marital_status,blood_type, number_of_children, spouse_name,npwp, nik, nip,is_verified_hc,is_verified_email, is_completed, grade_id, email_verification_token) VALUES ('5','2021-12-8', '7', 'Muhammad Ilham','BCA','321205151515','habib rizieq','1998-07-17','085318919533','jogja','ONSITE','NON_ACTIVE','MALE', '2021-04-20','china','085323182016','china','45261','ISLAM','jakarta','MARRIED','A',0,'1','12345678','3212055707980002','14061015900',FALSE,TRUE, TRUE,5,'tokentokentoken');
INSERT INTO employee(id, created_date, id_login, fullname, account_name, account_number, biological_mother_name, date_of_birth,emergency_number, ktp_address, employee_type, employee_status, gender,join_date, npwp_address,phone_number, place_of_birth, postal_code_of_id_card, religion,residence_address, marital_status,blood_type, number_of_children, spouse_name,npwp, nik, nip,is_verified_hc,is_verified_email, is_completed, grade_id, email_verification_token) VALUES ('6','2021-12-9', '8', 'Mario','BCA','321205151515','habib rizieq','1998-07-17','085318919533','padang','ONSITE','NON_ACTIVE','MALE', '2021-04-20','china','085323182016','china','45261','KONGHUCU','jakarta','MARRIED','A',0,'1','12345678','3212055707980002','14061015900',FALSE,TRUE, TRUE,6,'tokentokentoken');
INSERT INTO employee(id, created_date, id_login, fullname, account_name, account_number, biological_mother_name, date_of_birth,emergency_number, ktp_address, employee_type, employee_status, gender,join_date, npwp_address,phone_number, place_of_birth, postal_code_of_id_card, religion,residence_address, marital_status,blood_type, number_of_children, spouse_name,npwp, nik, nip,is_verified_hc,is_verified_email, is_completed, grade_id, email_verification_token) VALUES ('7','2021-12-10', '9', 'Andika Haris','BCA','321205151515','habib rizieq','1998-07-17','085318919533','kediri','ONSITE','NON_ACTIVE','MALE', '2021-04-20','china','085323182016','china','45261','ISLAM','jakarta','MARRIED','A',0,'1','12345678','3212055707980002','14061015900',FALSE,TRUE, TRUE,8,'tokentokentoken');
INSERT INTO employee(id, created_date, id_login, fullname, account_name, account_number, biological_mother_name, date_of_birth,emergency_number, ktp_address, employee_type, employee_status, gender,join_date, npwp_address,phone_number, place_of_birth, postal_code_of_id_card, religion,residence_address, marital_status,blood_type, number_of_children, spouse_name,npwp, nik, nip,is_verified_hc,is_verified_email, is_completed, grade_id, email_verification_token) VALUES ('8','2021-12-11', '10', 'Hariansyah','BCA','321205151515','habib rizieq','1998-07-17','085318919533','jkt','ONSITE','NON_ACTIVE','MALE', '2021-04-20','china','085323182016','china','45261','ISLAM','jakarta','MARRIED','A',0,'1','12345678','3212055707980002','14061015900',FALSE,TRUE, TRUE,9,'tokentokentoken');
INSERT INTO employee(id, created_date, id_login, fullname, account_name, account_number, biological_mother_name, date_of_birth,emergency_number, ktp_address, employee_type, employee_status, gender,join_date, npwp_address,phone_number, place_of_birth, postal_code_of_id_card, religion,residence_address, marital_status,blood_type, number_of_children, spouse_name,npwp, nik, nip,is_verified_hc,is_verified_email, is_completed, grade_id, email_verification_token) VALUES ('9','2021-12-12', '11', 'Ari Anu','BCA','321205151515','habib rizieq','1998-07-17','085318919533','jkt','OFFICE','NON_ACTIVE','MALE', '2021-04-20','china','085323182016','china','45261','ISLAM','jakarta','MARRIED','A',0,'1','12345678','3212055707980002','14061015900',FALSE,TRUE, TRUE,10,'tokentokentoken');
INSERT INTO employee(id, created_date, id_login, fullname, account_name, account_number, biological_mother_name, date_of_birth,emergency_number, ktp_address, employee_type, employee_status, gender,join_date, npwp_address,phone_number, place_of_birth, postal_code_of_id_card, religion,residence_address, marital_status,blood_type, number_of_children, spouse_name,npwp, nik, nip,is_verified_hc,is_verified_email, is_completed, grade_id, email_verification_token) VALUES ('10','2021-12-13', '12', 'muhammad ikbal','BCA','321205151515','habib rizieq','1998-07-17','085318919533','china','ONSITE','NON_ACTIVE','MALE', '2021-04-20','china','085323182016','china','45261','ISLAM','jakarta','MARRIED','A',0,'1','12345678','3212055707980002','14061015900',FALSE,TRUE, TRUE,11,'tokentokentoken');
INSERT INTO employee(id, created_date, id_login, fullname, account_name, account_number, biological_mother_name, date_of_birth,emergency_number, ktp_address, employee_type, employee_status, gender,join_date, npwp_address,phone_number, place_of_birth, postal_code_of_id_card, religion,residence_address, marital_status,blood_type, number_of_children, spouse_name,npwp, nik, nip,is_verified_hc,is_verified_email, is_completed, grade_id, email_verification_token) VALUES ('11','2021-12-14', '13', 'Daniel Sinaga','BCA','321205151515','habib rizieq','1998-07-17','085318919533','china','ONSITE','NON_ACTIVE','MALE', '2021-04-20','china','085323182016','china','45261','ISLAM','jakarta','MARRIED','A',0,'1','12345678','3212055707980002','14061015900',FALSE,TRUE, TRUE,12,'tokentokentoken');
INSERT INTO employee(id, created_date, id_login, fullname, account_name, account_number, biological_mother_name, date_of_birth,emergency_number, ktp_address, employee_type, employee_status, gender,join_date, npwp_address,phone_number, place_of_birth, postal_code_of_id_card, religion,residence_address, marital_status,blood_type, number_of_children, spouse_name,npwp, nik, nip,is_verified_hc,is_verified_email, is_completed, grade_id, email_verification_token) VALUES ('12','2021-12-15', '14', 'Muhammad Dio','BCA','321205151515','habib rizieq','1998-07-17','085318919533','china','ONSITE','NON_ACTIVE','MALE', '2021-04-20','china','085323182016','china','45261','ISLAM','jakarta','MARRIED','A',0,'1','12345678','3212055707980002','14061015900',FALSE,TRUE, TRUE,13,'tokentokentoken');
INSERT INTO employee(id, created_date, id_login, fullname, account_name, account_number, biological_mother_name, date_of_birth,emergency_number, ktp_address, employee_type, employee_status, gender,join_date, npwp_address,phone_number, place_of_birth, postal_code_of_id_card, religion,residence_address, marital_status,blood_type, number_of_children, spouse_name,npwp, nik, nip,is_verified_hc,is_verified_email, is_completed, grade_id, email_verification_token) VALUES ('13','2021-12-16', '15', 'Kevin Gowtama','BCA','321205151515','habib rizieq','1998-07-17','085318919533','china','ONSITE','NON_ACTIVE','MALE', '2021-04-20','china','085323182016','china','45261','ISLAM','jakarta','MARRIED','A',0,'1','12345678','3212055707980002','14061015900',FALSE,TRUE, TRUE,1,'tokentokentoken');


INSERT INTO admin (id,name,id_login) VALUES ('1','ikbal','1');
INSERT INTO admin (id,name,id_login) VALUES ('2','arifin','2');


INSERT INTO reimbursement (id, created_date, borne_cost, claim_fee, date_of_claim_submission, disbursement_date, status_on_finance, status_on_hc, status_reject, status_success, id_category, id_employee) VALUES ('1', '2020-12-12', 200000, 400000, '2021-1-12', '2021-4-12', b'0', b'0', b'0', b'0', '1', '1');
INSERT INTO reimbursement (id, created_date, borne_cost, claim_fee, date_of_claim_submission, disbursement_date, status_on_finance, status_on_hc, status_reject, status_success, id_category, id_employee) VALUES ('2', '2020-12-12', 700000, 900000, '2021-1-12', '2021-4-12', b'1', b'1', b'0', b'0', '2', '2');
INSERT INTO reimbursement (id, created_date, borne_cost, claim_fee, date_of_claim_submission, disbursement_date, status_on_finance, status_on_hc, status_reject, status_success, id_category, id_employee) VALUES ('3', '2020-12-12', 700000, 900000, '2021-1-12', '2021-4-12', b'1', b'1', b'0', b'0', '3', '3');
INSERT INTO reimbursement (id, created_date, borne_cost, claim_fee, date_of_claim_submission, disbursement_date, status_on_finance, status_on_hc, status_reject, status_success, id_category, id_employee) VALUES ('4', '2020-12-12', 700000, 900000, '2021-1-12', '2021-4-12', b'1', b'1', b'0', b'0', '4', '4');
INSERT INTO reimbursement (id, created_date, borne_cost, claim_fee, date_of_claim_submission, disbursement_date, status_on_finance, status_on_hc, status_reject, status_success, id_category, id_employee) VALUES ('5', '2020-12-12', 700000, 900000, '2021-1-12', '2021-4-12', b'1', b'1', b'0', b'0', '5', '5');
INSERT INTO reimbursement (id, created_date, borne_cost, claim_fee, date_of_claim_submission, disbursement_date, status_on_finance, status_on_hc, status_reject, status_success, id_category, id_employee) VALUES ('6', '2020-12-12', 700000, 900000, '2021-1-12', '2021-4-12', b'1', b'1', b'0', b'0', '1', '6');
INSERT INTO reimbursement (id, created_date, borne_cost, claim_fee, date_of_claim_submission, disbursement_date, status_on_finance, status_on_hc, status_reject, status_success, id_category, id_employee) VALUES ('7', '2020-12-12', 700000, 900000, '2021-1-12', '2021-4-12', b'1', b'1', b'0', b'0', '2', '7');
INSERT INTO reimbursement (id, created_date, borne_cost, claim_fee, date_of_claim_submission, disbursement_date, status_on_finance, status_on_hc, status_reject, status_success, id_category, id_employee) VALUES ('8', '2020-12-12', 700000, 900000, '2021-1-12', '2021-4-12', b'1', b'1', b'0', b'0', '3', '8');
INSERT INTO reimbursement (id, created_date, borne_cost, claim_fee, date_of_claim_submission, disbursement_date, status_on_finance, status_on_hc, status_reject, status_success, id_category, id_employee) VALUES ('9', '2020-12-12', 700000, 900000, '2021-1-12', '2021-4-12', b'1', b'1', b'0', b'0', '4', '9');
INSERT INTO reimbursement (id, created_date, borne_cost, claim_fee, date_of_claim_submission, disbursement_date, status_on_finance, status_on_hc, status_reject, status_success, id_category, id_employee) VALUES ('10', '2020-12-12', 700000, 900000, '2021-1-12', '2021-4-12', b'1', b'1', b'0', b'0', '5', '10');
INSERT INTO reimbursement (id, created_date, borne_cost, claim_fee, date_of_claim_submission, disbursement_date, status_on_finance, status_on_hc, status_reject, status_success, id_category, id_employee) VALUES ('11', '2020-12-12', 700000, 900000, '2021-1-12', '2021-4-12', b'1', b'1', b'0', b'0', '1', '11');
INSERT INTO reimbursement (id, created_date, borne_cost, claim_fee, date_of_claim_submission, disbursement_date, status_on_finance, status_on_hc, status_reject, status_success, id_category, id_employee) VALUES ('12', '2020-12-12', 700000, 900000, '2021-1-12', '2021-4-12', b'1', b'1', b'0', b'0', '2', '12');
INSERT INTO reimbursement (id, created_date, borne_cost, claim_fee, date_of_claim_submission, disbursement_date, status_on_finance, status_on_hc, status_reject, status_success, id_category, id_employee) VALUES ('13', '2020-12-12', 700000, 900000, '2021-1-12', '2021-4-12', b'1', b'1', b'0', b'0', '3', '13');

INSERT INTO employee_contract(id, created_date,benefit_registration_status, date_of_acceptance_permanent_employee, date_of_resignation,end_date_contract,is_ended_contract,placement,start_date_contract,type_contract,employee_id) VALUES('1','2021-12-12', 'ON_PROCESS', '2019-02-02', '2021-02-02','2021-02-02', TRUE,'MANDIRI','2019-01-01','PKWT','1');
INSERT INTO employee_contract(id, created_date,benefit_registration_status, date_of_acceptance_permanent_employee, date_of_resignation,end_date_contract,is_ended_contract,placement,start_date_contract,type_contract,employee_id) VALUES('2','2021-12-12', 'ON_PROCESS', '2019-02-02', '2021-02-02','2021-02-02', TRUE,'MANDIRI','2019-01-01','PKWT','2');
INSERT INTO employee_contract(id, created_date,benefit_registration_status, date_of_acceptance_permanent_employee, date_of_resignation,end_date_contract,is_ended_contract,placement,start_date_contract,type_contract,employee_id) VALUES('3','2021-12-12', 'ON_PROCESS', '2019-02-02', '2021-02-02','2021-02-02', TRUE,'MANDIRI','2019-01-01','PKWT','3');
INSERT INTO employee_contract(id, created_date,benefit_registration_status, date_of_acceptance_permanent_employee, date_of_resignation,end_date_contract,is_ended_contract,placement,start_date_contract,type_contract,employee_id) VALUES('4','2021-12-12', 'ON_PROCESS', '2019-02-02', '2021-02-02','2021-02-02', TRUE,'MANDIRI','2019-01-01','PKWT','4');
INSERT INTO employee_contract(id, created_date,benefit_registration_status, date_of_acceptance_permanent_employee, date_of_resignation,end_date_contract,is_ended_contract,placement,start_date_contract,type_contract,employee_id) VALUES('5','2021-12-12', 'ON_PROCESS', '2019-02-02', '2021-02-02','2021-02-02', TRUE,'MANDIRI','2019-01-01','PKWT','5');
INSERT INTO employee_contract(id, created_date,benefit_registration_status, date_of_acceptance_permanent_employee, date_of_resignation,end_date_contract,is_ended_contract,placement,start_date_contract,type_contract,employee_id) VALUES('6','2021-12-12', 'ON_PROCESS', '2019-02-02', '2021-02-02','2021-02-02', TRUE,'MANDIRI','2019-01-01','PKWT','6');
INSERT INTO employee_contract(id, created_date,benefit_registration_status, date_of_acceptance_permanent_employee, date_of_resignation,end_date_contract,is_ended_contract,placement,start_date_contract,type_contract,employee_id) VALUES('7','2021-12-12', 'ON_PROCESS', '2019-02-02', '2021-02-02','2021-02-02', TRUE,'MANDIRI','2019-01-01','PKWT','7');
INSERT INTO employee_contract(id, created_date,benefit_registration_status, date_of_acceptance_permanent_employee, date_of_resignation,end_date_contract,is_ended_contract,placement,start_date_contract,type_contract,employee_id) VALUES('8','2021-12-12', 'ON_PROCESS', '2019-02-02', '2021-02-02','2021-02-02', TRUE,'MANDIRI','2019-01-01','PKWT','8');
INSERT INTO employee_contract(id, created_date,benefit_registration_status, date_of_acceptance_permanent_employee, date_of_resignation,end_date_contract,is_ended_contract,placement,start_date_contract,type_contract,employee_id) VALUES('9','2021-12-12', 'ON_PROCESS', '2019-02-02', '2021-02-02','2021-02-02', TRUE,'MANDIRI','2019-01-01','PKWT','9');
INSERT INTO employee_contract(id, created_date,benefit_registration_status, date_of_acceptance_permanent_employee, date_of_resignation,end_date_contract,is_ended_contract,placement,start_date_contract,type_contract,employee_id) VALUES('10','2021-12-12', 'ON_PROCESS', '2019-02-02', '2021-02-02','2021-02-02', TRUE,'MANDIRI','2019-01-01','PKWT','10');
INSERT INTO employee_contract(id, created_date,benefit_registration_status, date_of_acceptance_permanent_employee, date_of_resignation,end_date_contract,is_ended_contract,placement,start_date_contract,type_contract,employee_id) VALUES('11','2021-12-12', 'ON_PROCESS', '2019-02-02', '2021-02-02','2021-02-02', TRUE,'MANDIRI','2019-01-01','PKWT','11');
INSERT INTO employee_contract(id, created_date,benefit_registration_status, date_of_acceptance_permanent_employee, date_of_resignation,end_date_contract,is_ended_contract,placement,start_date_contract,type_contract,employee_id) VALUES('12','2021-12-12', 'ON_PROCESS', '2019-02-02', '2021-02-02','2021-02-02', TRUE,'MANDIRI','2019-01-01','PKWT','12');
INSERT INTO employee_contract(id, created_date,benefit_registration_status, date_of_acceptance_permanent_employee, date_of_resignation,end_date_contract,is_ended_contract,placement,start_date_contract,type_contract,employee_id) VALUES('13','2021-12-12', 'ON_PROCESS', '2019-02-02', '2021-02-02','2021-02-02', TRUE,'MANDIRI','2019-01-01','PKWT','13');
